{
  "env_versions": {
    "python": "3.11.15",
    "torch": "2.3.1",
    "numpy": "1.26.4",
    "scikit_learn": "1.6.1",
    "scipy": "1.17.1"
  },
  "seeds": [
    42,
    0,
    1,
    7,
    123,
    2,
    3,
    4,
    5,
    6,
    8,
    9,
    10,
    11,
    12,
    13,
    14,
    15,
    16,
    17
  ],
  "gcn_auc_per_seed": [
    0.9894385724852071,
    0.9899727810650888,
    0.9916118713017752,
    0.9931222263313609,
    0.9911154215976331,
    0.9900838387573965,
    0.9916467270710059,
    0.9917791050295859,
    0.9922084689349112,
    0.9912281434911242,
    0.9902105029585799,
    0.9905579142011836,
    0.9896750000000001,
    0.9910979289940829,
    0.9908012943786982,
    0.9889175665680472,
    0.9908514053254438,
    0.9881596523668639,
    0.9916340976331361,
    0.9904825073964496
  ],
  "mlp_auc_per_seed": [
    0.9394702292899408,
    0.9794517566568046,
    0.991184097633136,
    0.9753737426035503,
    0.9762680473372782,
    0.9541252958579882,
    0.9638000554733728,
    0.9605814718934911,
    0.987328698224852,
    0.9411667529585799,
    0.9659603550295859,
    0.9451261649408285,
    0.9875445636094675,
    0.9880399038461538,
    0.8449194896449704,
    0.9855522189349112,
    0.9713775887573963,
    0.9866603920118342,
    0.9776254252958579,
    0.9551084319526627
  ],
  "delta_auc_per_seed": [
    0.04996834319526622,
    0.010521024408284174,
    0.00042777366863921973,
    0.017748483727810682,
    0.014847374260354873,
    0.03595854289940825,
    0.0278466715976331,
    0.031197633136094804,
    0.004879770710059184,
    0.050061390532544325,
    0.024250147928994048,
    0.04543174926035509,
    0.002130436390532564,
    0.0030580251479290776,
    0.1458818047337278,
    0.0033653476331360066,
    0.019473816568047475,
    0.0014992603550296746,
    0.014008672337278205,
    0.0353740754437869
  ],
  "mean_delta_auc": 0.026896517196745583,
  "sd_delta_auc_ddof1": 0.032472083296280325,
  "bootstrap_ci95": [
    0.015080580182137602,
    0.04220609421227814
  ],
  "n_bootstrap": 10000,
  "positive_seed_ratio": 1.0,
  "n_seeds": 20,
  "paired_ttest": {
    "t_statistic": 3.7042551450220333,
    "p_value_two_sided": 0.0015050736852274971
  },
  "permutation_test": {
    "p_value_two_sided": 0.0,
    "n_permutations": 10000,
    "method": "sign_flip"
  }
}